"Cluster Name", "Namespace", "Deployment", "Image", "Image Created"
salsa-cluster,openshift-storage,noobaa-endpoint,registry.redhat.io/odf4/mcg-core-rhel9@sha256:d526f923dc2875d7ee2273176f8890fe3da98b7ed0657ac3f33f1d7ca5ad066b,2024-06-14T15:40:23.948380079Z
salsa-cluster,sonarqube-vulnerable,sonarqube,docker.io/library/sonarqube:8.2-community,2020-04-24T00:19:12.031245017Z
salsa-cluster,openshift-storage,noobaa-core,registry.redhat.io/odf4/mcg-core-rhel9@sha256:d526f923dc2875d7ee2273176f8890fe3da98b7ed0657ac3f33f1d7ca5ad066b,2024-06-14T15:40:23.948380079Z
salsa-cluster,openshift-storage,rook-ceph-exporter-rhsvc3.redhat.com,registry.redhat.io/rhceph/rhceph-6-rhel9@sha256:c71ef5364d03d3335d5f868e1b720b9a0dcc205e80a44e729d66f645abf2a6a8,2024-04-16T20:00:03.700266981Z
salsa-cluster,openshift-storage,rook-ceph-mon-b,registry.redhat.io/rhceph/rhceph-6-rhel9@sha256:c71ef5364d03d3335d5f868e1b720b9a0dcc205e80a44e729d66f645abf2a6a8,2024-04-16T20:00:03.700266981Z
salsa-cluster,openshift-storage,rook-ceph-exporter-rhsvc1.redhat.com,registry.redhat.io/rhceph/rhceph-6-rhel9@sha256:c71ef5364d03d3335d5f868e1b720b9a0dcc205e80a44e729d66f645abf2a6a8,2024-04-16T20:00:03.700266981Z
salsa-cluster,openshift-storage,rook-ceph-mon-a,registry.redhat.io/rhceph/rhceph-6-rhel9@sha256:c71ef5364d03d3335d5f868e1b720b9a0dcc205e80a44e729d66f645abf2a6a8,2024-04-16T20:00:03.700266981Z
salsa-cluster,openshift-storage,rook-ceph-exporter-rhsvc2.redhat.com,registry.redhat.io/rhceph/rhceph-6-rhel9@sha256:c71ef5364d03d3335d5f868e1b720b9a0dcc205e80a44e729d66f645abf2a6a8,2024-04-16T20:00:03.700266981Z
salsa-cluster,openshift-storage,rook-ceph-mon-c,registry.redhat.io/rhceph/rhceph-6-rhel9@sha256:c71ef5364d03d3335d5f868e1b720b9a0dcc205e80a44e729d66f645abf2a6a8,2024-04-16T20:00:03.700266981Z
salsa-cluster,openshift-storage,rook-ceph-rgw-ocs-storagecluster-cephobjectstore-a,registry.redhat.io/rhceph/rhceph-6-rhel9@sha256:c71ef5364d03d3335d5f868e1b720b9a0dcc205e80a44e729d66f645abf2a6a8,2024-04-16T20:00:03.700266981Z
salsa-cluster,openshift-storage,rook-ceph-mgr-a,registry.redhat.io/rhceph/rhceph-6-rhel9@sha256:c71ef5364d03d3335d5f868e1b720b9a0dcc205e80a44e729d66f645abf2a6a8,2024-04-16T20:00:03.700266981Z
salsa-cluster,openshift-storage,rook-ceph-mgr-a,registry.redhat.io/odf4/rook-ceph-rhel9-operator@sha256:81c3a2dec21a8cd727f136f359b761cfcd6cab1e338899d1d5ae1fb7c521bd62,2024-06-14T16:10:37.988248785Z
salsa-cluster,openshift-storage,rook-ceph-mgr-b,registry.redhat.io/rhceph/rhceph-6-rhel9@sha256:c71ef5364d03d3335d5f868e1b720b9a0dcc205e80a44e729d66f645abf2a6a8,2024-04-16T20:00:03.700266981Z
salsa-cluster,openshift-storage,rook-ceph-mgr-b,registry.redhat.io/odf4/rook-ceph-rhel9-operator@sha256:81c3a2dec21a8cd727f136f359b761cfcd6cab1e338899d1d5ae1fb7c521bd62,2024-06-14T16:10:37.988248785Z
salsa-cluster,openshift-storage,rook-ceph-mds-ocs-storagecluster-cephfilesystem-b,registry.redhat.io/rhceph/rhceph-6-rhel9@sha256:c71ef5364d03d3335d5f868e1b720b9a0dcc205e80a44e729d66f645abf2a6a8,2024-04-16T20:00:03.700266981Z
salsa-cluster,openshift-storage,rook-ceph-mds-ocs-storagecluster-cephfilesystem-a,registry.redhat.io/rhceph/rhceph-6-rhel9@sha256:c71ef5364d03d3335d5f868e1b720b9a0dcc205e80a44e729d66f645abf2a6a8,2024-04-16T20:00:03.700266981Z
salsa-cluster,openshift-storage,rook-ceph-crashcollector-rhsvc2.redhat.com,registry.redhat.io/rhceph/rhceph-6-rhel9@sha256:c71ef5364d03d3335d5f868e1b720b9a0dcc205e80a44e729d66f645abf2a6a8,2024-04-16T20:00:03.700266981Z
salsa-cluster,openshift-storage,rook-ceph-crashcollector-rhsvc1.redhat.com,registry.redhat.io/rhceph/rhceph-6-rhel9@sha256:c71ef5364d03d3335d5f868e1b720b9a0dcc205e80a44e729d66f645abf2a6a8,2024-04-16T20:00:03.700266981Z
salsa-cluster,openshift-storage,rook-ceph-crashcollector-rhsvc3.redhat.com,registry.redhat.io/rhceph/rhceph-6-rhel9@sha256:c71ef5364d03d3335d5f868e1b720b9a0dcc205e80a44e729d66f645abf2a6a8,2024-04-16T20:00:03.700266981Z
salsa-cluster,openshift-storage,rook-ceph-osd-0,registry.redhat.io/rhceph/rhceph-6-rhel9@sha256:c71ef5364d03d3335d5f868e1b720b9a0dcc205e80a44e729d66f645abf2a6a8,2024-04-16T20:00:03.700266981Z
salsa-cluster,openshift-storage,rook-ceph-osd-1,registry.redhat.io/rhceph/rhceph-6-rhel9@sha256:c71ef5364d03d3335d5f868e1b720b9a0dcc205e80a44e729d66f645abf2a6a8,2024-04-16T20:00:03.700266981Z
salsa-cluster,openshift-storage,rook-ceph-osd-2,registry.redhat.io/rhceph/rhceph-6-rhel9@sha256:c71ef5364d03d3335d5f868e1b720b9a0dcc205e80a44e729d66f645abf2a6a8,2024-04-16T20:00:03.700266981Z
salsa-cluster,csi-driver-nfs,csi-nfs-controller,registry.k8s.io/sig-storage/csi-provisioner:v4.0.0,2024-01-05T18:04:55.798421297Z
salsa-cluster,csi-driver-nfs,csi-nfs-controller,registry.k8s.io/sig-storage/csi-snapshotter:v6.3.3,2023-12-26T18:32:17.065192210Z
salsa-cluster,csi-driver-nfs,csi-nfs-controller,registry.k8s.io/sig-storage/livenessprobe:v2.12.0,2024-01-10T12:24:50.960699370Z
salsa-cluster,csi-driver-nfs,csi-nfs-controller,registry.k8s.io/sig-storage/nfsplugin:v4.7.0,2024-05-06T10:22:28.728794350Z
salsa-cluster,csi-driver-nfs,csi-nfs-node,registry.k8s.io/sig-storage/livenessprobe:v2.12.0,2024-01-10T12:24:50.960699370Z
salsa-cluster,csi-driver-nfs,csi-nfs-node,registry.k8s.io/sig-storage/nfsplugin:v4.7.0,2024-05-06T10:22:28.728794350Z
salsa-cluster,csi-driver-nfs,csi-nfs-node,registry.k8s.io/sig-storage/csi-node-driver-registrar:v2.10.0,2024-01-05T09:13:33.730727993Z
salsa-cluster,jcall,mysql,image-registry.openshift-image-registry.svc:5000/openshift/mysql@sha256:8e9a6595ac9aec17c62933d3b5ecc78df8174a6c2ff74c7f602235b9aef0a340,2024-06-05T11:51:58.516807006Z
salsa-cluster,sonarqube-vulnerable,postgresql-sonarqube,image-registry.openshift-image-registry.svc:5000/openshift/postgresql@sha256:306ce79b5647eb627aebbd6a9c956f9cd09c24ef7b12e42c1de6ba89f8fd8121,2024-05-30T09:38:03.650432972Z
salsa-cluster,openshift-local-storage,diskmaker-manager,registry.redhat.io/openshift4/ose-local-storage-diskmaker-rhel9@sha256:918dd175e7689c0b24a108a4ef6bbaef72ea9397cca075ea4530f62c4e2f19c5,2024-06-20T16:50:30.454358099Z
salsa-cluster,openshift-local-storage,diskmaker-manager,registry.redhat.io/openshift4/ose-kube-rbac-proxy@sha256:518691d157b3e3b5031a2b1e4cc3f415839536079bb8570ae8690ac92d302ba0,2024-06-21T13:56:22.661672123Z
salsa-cluster,openshift-local-storage,diskmaker-discovery,registry.redhat.io/openshift4/ose-local-storage-diskmaker-rhel9@sha256:918dd175e7689c0b24a108a4ef6bbaef72ea9397cca075ea4530f62c4e2f19c5,2024-06-20T16:50:30.454358099Z
salsa-cluster,openshift-local-storage,diskmaker-discovery,registry.redhat.io/openshift4/ose-kube-rbac-proxy@sha256:518691d157b3e3b5031a2b1e4cc3f415839536079bb8570ae8690ac92d302ba0,2024-06-21T13:56:22.661672123Z
salsa-cluster,jcall,simple-php,image-registry.openshift-image-registry.svc:5000/jcall/simple-php@sha256:5427269dfdd90cafbe85e507d766ca5e4b9a31b66540a13654ade8205f6c9e4a,2024-07-02T16:03:45.824498163Z
salsa-cluster,openshift-storage,csi-cephfsplugin-holder-ocs-storagecluster-cephcluster,registry.redhat.io/odf4/cephcsi-rhel9@sha256:29d4f230a21d5fcb4b5ebc288a16aabd00da105ca34856290abee0ad4fe2e888,2024-06-14T16:01:51.587656262Z
salsa-cluster,openshift-storage,csi-rbdplugin-holder-ocs-storagecluster-cephcluster,registry.redhat.io/odf4/cephcsi-rhel9@sha256:29d4f230a21d5fcb4b5ebc288a16aabd00da105ca34856290abee0ad4fe2e888,2024-06-14T16:01:51.587656262Z
salsa-cluster,openshift-operators,devworkspace-controller-manager,registry.redhat.io/devworkspace/devworkspace-rhel8-operator@sha256:dc7560339c8ba5ffa90de8ee855983862a46a85af3e8514f85b395ac99f894bf,2024-05-28T18:44:00.779566168Z
salsa-cluster,openshift-operators,devworkspace-controller-manager,registry.redhat.io/openshift4/ose-kube-rbac-proxy@sha256:76d5672691cdae228592a21accdbd68807276ca4102f047e5da54cb4c87e8a40,2024-05-09T21:03:53.443348499Z
salsa-cluster,openshift-cnv,virt-handler,registry.redhat.io/container-native-virtualization/virt-handler-rhel9@sha256:f32329fdbf3baee0dede5805ec4a30dea6d69c0579e65ed27804bb7e29cfe063,2024-05-06T20:39:02.821007092Z
salsa-cluster,openshift-cnv,kubevirt-console-plugin,registry.redhat.io/container-native-virtualization/kubevirt-console-plugin-rhel9@sha256:55099d6f95757674101aa8eaf8e124a9ba8e659b2051e12eb316dba1d28d0ed4,2024-05-09T07:24:26.125907253Z
salsa-cluster,openshift-cnv,kubemacpool-mac-controller-manager,registry.redhat.io/openshift4/ose-kube-rbac-proxy@sha256:b8160e1bebee2b28e99f22f350967c97c7665b355d6afba6ca5a48b837a0cf8c,2024-04-25T04:20:37.734979677Z
salsa-cluster,openshift-cnv,kubemacpool-mac-controller-manager,registry.redhat.io/container-native-virtualization/kubemacpool-rhel9@sha256:21139ce9b582392d85193b2a0d82e19428fb65d2d9e7c8cef6ce8d64bffc3230,2024-04-18T02:45:45.590144969Z
salsa-cluster,openshift-cnv,ssp-operator,registry.redhat.io/container-native-virtualization/kubevirt-ssp-operator-rhel9@sha256:5316fdef51d7c405c96781a4ed05ca1bc0a02baff16b4d8044129896beadb7ec,2024-05-08T12:49:26.713267056Z
salsa-cluster,demo-hybrid,wordpress-fe,docker.io/library/wordpress:latest,2024-06-24T19:12:59Z
salsa-cluster,openshift-terminal,workspaced5a1d252461d41f3,registry.redhat.io/web-terminal/web-terminal-exec-rhel8@sha256:3ad522b112795b8dd6c973938a427690ea9d0510ecbc94967268976b952089f1,2024-03-27T20:50:10.979671827Z
salsa-cluster,openshift-terminal,workspaced5a1d252461d41f3,registry.redhat.io/web-terminal/web-terminal-tooling-rhel8@sha256:5c74956aa4bf4c05efa299710d1b781ee264b511e22e1d27ca6a214ad4cebaf2,2024-03-20T21:07:28.867817556Z
salsa-cluster,openshift-terminal,workspace9ce2b5f3fef847d5,registry.redhat.io/web-terminal/web-terminal-exec-rhel8@sha256:3ad522b112795b8dd6c973938a427690ea9d0510ecbc94967268976b952089f1,2024-03-27T20:50:10.979671827Z
salsa-cluster,openshift-terminal,workspace9ce2b5f3fef847d5,registry.redhat.io/web-terminal/web-terminal-tooling-rhel8@sha256:5c74956aa4bf4c05efa299710d1b781ee264b511e22e1d27ca6a214ad4cebaf2,2024-03-20T21:07:28.867817556Z
salsa-cluster,openshift-cnv,hyperconverged-cluster-cli-download,registry.redhat.io/container-native-virtualization/virt-artifacts-server-rhel9@sha256:6467058ff9130e492f2b4da39272b944870583b0a1c9d3aa3c4a68dffbb0734e,2024-05-06T20:42:09.883558478Z
salsa-cluster,openshift-nmstate,nmstate-console-plugin,registry.redhat.io/openshift4/nmstate-console-plugin-rhel8@sha256:016f0b57e5ac833aefa2449536b3e598b03f849d5b323c2674e6471c30f698ba,2024-06-26T03:23:56.783866144Z
salsa-cluster,openshift-operators,web-terminal-controller,registry.redhat.io/web-terminal/web-terminal-rhel8-operator@sha256:cd62ad78d72c86b9980257bc0cdc393b2843f4ab93ddae91de6b7c900fda7e3d,2024-03-27T20:58:00.593290864Z
salsa-cluster,openshift-kni-infra,haproxy-rhsvc2.redhat.com,quay.io/openshift-release-dev/ocp-v4.0-art-dev@sha256:8e4450c662710dd560e8fcab932f161e1d3994d67395d2b72dd54f5438ca932f,2024-06-18T11:23:17.004660991Z
salsa-cluster,openshift-kni-infra,haproxy-rhsvc2.redhat.com,quay.io/openshift-release-dev/ocp-v4.0-art-dev@sha256:2a42d88e633805d35636ead9396d3e0f3131a589c69cf32a84035e102023846f,2024-06-20T03:59:10.079131082Z
salsa-cluster,openshift-kni-infra,haproxy-rhsvc3.redhat.com,quay.io/openshift-release-dev/ocp-v4.0-art-dev@sha256:8e4450c662710dd560e8fcab932f161e1d3994d67395d2b72dd54f5438ca932f,2024-06-18T11:23:17.004660991Z
salsa-cluster,openshift-kni-infra,haproxy-rhsvc3.redhat.com,quay.io/openshift-release-dev/ocp-v4.0-art-dev@sha256:2a42d88e633805d35636ead9396d3e0f3131a589c69cf32a84035e102023846f,2024-06-20T03:59:10.079131082Z
salsa-cluster,openshift-kni-infra,haproxy-rhsvc1.redhat.com,quay.io/openshift-release-dev/ocp-v4.0-art-dev@sha256:8e4450c662710dd560e8fcab932f161e1d3994d67395d2b72dd54f5438ca932f,2024-06-18T11:23:17.004660991Z
salsa-cluster,openshift-kni-infra,haproxy-rhsvc1.redhat.com,quay.io/openshift-release-dev/ocp-v4.0-art-dev@sha256:2a42d88e633805d35636ead9396d3e0f3131a589c69cf32a84035e102023846f,2024-06-20T03:59:10.079131082Z
salsa-cluster,openshift-storage,odf-console,registry.redhat.io/odf4/odf-console-rhel9@sha256:32f9a37007f3ffca3d602dac9fb8e075da8ed602a71220dc4a45c82f9066f58c,2024-06-14T16:26:58.695339436Z
salsa-cluster,openshift-ingress,router-default,quay.io/openshift-release-dev/ocp-v4.0-art-dev@sha256:8e4450c662710dd560e8fcab932f161e1d3994d67395d2b72dd54f5438ca932f,2024-06-18T11:23:17.004660991Z
salsa-cluster,openshift-kni-infra,keepalived-rhsvc3.redhat.com,quay.io/openshift-release-dev/ocp-v4.0-art-dev@sha256:cb9546a53b15913a7035e91fbec212347d163bcbfdb4280fed2cfc865bbe7f07,2024-06-14T03:23:03.540841497Z
salsa-cluster,openshift-kni-infra,keepalived-rhsvc3.redhat.com,quay.io/openshift-release-dev/ocp-v4.0-art-dev@sha256:2a42d88e633805d35636ead9396d3e0f3131a589c69cf32a84035e102023846f,2024-06-20T03:59:10.079131082Z
salsa-cluster,openshift-kni-infra,keepalived-rhsvc1.redhat.com,quay.io/openshift-release-dev/ocp-v4.0-art-dev@sha256:cb9546a53b15913a7035e91fbec212347d163bcbfdb4280fed2cfc865bbe7f07,2024-06-14T03:23:03.540841497Z
salsa-cluster,openshift-kni-infra,keepalived-rhsvc1.redhat.com,quay.io/openshift-release-dev/ocp-v4.0-art-dev@sha256:2a42d88e633805d35636ead9396d3e0f3131a589c69cf32a84035e102023846f,2024-06-20T03:59:10.079131082Z
salsa-cluster,openshift-kni-infra,keepalived-rhsvc2.redhat.com,quay.io/openshift-release-dev/ocp-v4.0-art-dev@sha256:cb9546a53b15913a7035e91fbec212347d163bcbfdb4280fed2cfc865bbe7f07,2024-06-14T03:23:03.540841497Z
salsa-cluster,openshift-kni-infra,keepalived-rhsvc2.redhat.com,quay.io/openshift-release-dev/ocp-v4.0-art-dev@sha256:2a42d88e633805d35636ead9396d3e0f3131a589c69cf32a84035e102023846f,2024-06-20T03:59:10.079131082Z
salsa-cluster,demo-hybrid,virt-launcher-wordpress-be-k7rv6,registry.redhat.io/container-native-virtualization/virt-launcher-rhel9@sha256:9dc92790701fb9dfed27d3246c592504d7a9aafa1c9cc8c4c9eee126d132539f,2024-05-06T20:40:00.681766599Z
salsa-cluster,demo-hybrid,virt-launcher-wordpress-be-k7rv6,registry.redhat.io/container-native-virtualization/virtio-win-rhel9:latest,2024-04-25T17:54:28.233732638Z
salsa-cluster,openshift-cnv,kube-cni-linux-bridge-plugin,registry.redhat.io/container-native-virtualization/cnv-containernetworking-plugins-rhel9@sha256:ebc19fbffe2697a578806aa44ec7bf837f9bb97e461775e9512960d7ec2d9807,2024-04-18T02:44:45.504955469Z
salsa-cluster,openshift-operators,devworkspace-webhook-server,registry.redhat.io/openshift4/ose-kube-rbac-proxy@sha256:76d5672691cdae228592a21accdbd68807276ca4102f047e5da54cb4c87e8a40,2024-05-09T21:03:53.443348499Z
salsa-cluster,openshift-operators,devworkspace-webhook-server,registry.redhat.io/devworkspace/devworkspace-rhel8-operator@sha256:dc7560339c8ba5ffa90de8ee855983862a46a85af3e8514f85b395ac99f894bf,2024-05-28T18:44:00.779566168Z
salsa-cluster,openshift-storage,noobaa-db-pg,registry.redhat.io/rhel9/postgresql-15@sha256:52915ef6c136e620997d8f5de25cd1feb95756afbf0b389947ff5d454e896ed8,2024-06-06T03:20:12.630910343Z
salsa-cluster,open-cluster-management-agent-addon,application-manager,registry.redhat.io/rhacm2/multicluster-operators-subscription-rhel9@sha256:768dc467db6152f939297ff8b547f47eb3ecb6e9b62ba0bf61f87fba33b44485,2024-05-15T11:23:34.825444929Z
salsa-cluster,kasten-io,gateway,registry.connect.redhat.com/kasten/emissary@sha256:49bdcd3e351343e4d8e27cba4c1a798922ca241e6d133693c3bc728998ea6988,2024-06-28T21:52:55.239736250Z
salsa-cluster,openshift-cnv,cluster-network-addons-operator,registry.redhat.io/container-native-virtualization/cluster-network-addons-operator-rhel9@sha256:f5dd18426adafc06ab12edc6bfa8d1b2737133b4757e8e93657a88d15109337f,2024-04-18T02:46:33.429784045Z
salsa-cluster,openshift-cnv,cluster-network-addons-operator,registry.redhat.io/openshift4/ose-kube-rbac-proxy@sha256:b8160e1bebee2b28e99f22f350967c97c7665b355d6afba6ca5a48b837a0cf8c,2024-04-25T04:20:37.734979677Z
salsa-cluster,kasten-io,crypto-svc,registry.connect.redhat.com/kasten/bloblifecyclemanager@sha256:42f8b403ba37b5ff1ebeff153b98207bdc33e6b579a5a7421f999993c48b054d,2024-06-28T21:49:16.989866893Z
salsa-cluster,kasten-io,crypto-svc,registry.connect.redhat.com/kasten/crypto@sha256:15e00bbbb4e1653407cdc67c1b6de4ddbf39cc3cf32178f1e4214659925a77f4,2024-06-28T21:50:26.923033792Z
salsa-cluster,kasten-io,crypto-svc,registry.connect.redhat.com/kasten/garbagecollector@sha256:72f38b43fb19412473193ec18adce8eb12f29e2c9c427ee76684267dec8dac6a,2024-06-28T21:50:40.195241415Z
salsa-cluster,kasten-io,crypto-svc,registry.connect.redhat.com/kasten/repositories@sha256:471356d14c09980e83861cb5ce1b55d1980a9c78fc062c2e0ea8c8083983df66,null
salsa-cluster,openshift-storage,ocs-metrics-exporter,registry.redhat.io/odf4/ocs-metrics-exporter-rhel9@sha256:b4d1df02b665656abaef1547090b6e9fd3a72b5e684c129c5f0365b977ea3f82,2024-06-14T15:40:50.841666060Z
salsa-cluster,kasten-io,k10-grafana,registry.connect.redhat.com/kasten/grafana@sha256:46c924ed72093bfd4f4f7ad3eec3d80f49d2d2cb3503352efaf874470a1ecd25,2024-06-28T21:51:48.482011832Z
salsa-cluster,openshift-machine-api,metal3,quay.io/openshift-release-dev/ocp-v4.0-art-dev@sha256:f0afd6500ac24aa4f79450a0b6884a6ef20a4c5e3a32b02911f89561e1568d73,2024-06-14T03:02:09.791894013Z
salsa-cluster,kasten-io,k10-kasten-operator-rhmp-controller-manager,quay.io/openshift-release-dev/ocp-v4.0-art-dev@sha256:e3b505bac492ac954c80c7e74ff6c6a2c2512a5b621814769b4415a22e790ee8,2024-06-18T10:49:09.766525769Z
salsa-cluster,kasten-io,k10-kasten-operator-rhmp-controller-manager,registry.connect.redhat.com/kasten/k10-operator@sha256:05999e89afafab6da64e8f6f317f82bc6355ffbd27501a8b154f6f4e7218eea9,2024-07-01T16:02:27.850765275Z
salsa-cluster,project-app1,virt-launcher-rhel9-app1-4sgc6,registry.redhat.io/container-native-virtualization/virt-launcher-rhel9@sha256:9dc92790701fb9dfed27d3246c592504d7a9aafa1c9cc8c4c9eee126d132539f,2024-05-06T20:40:00.681766599Z
salsa-cluster,project-app1,virt-launcher-fedora-app1-5z4kp,registry.redhat.io/container-native-virtualization/virt-launcher-rhel9@sha256:9dc92790701fb9dfed27d3246c592504d7a9aafa1c9cc8c4c9eee126d132539f,2024-05-06T20:40:00.681766599Z
salsa-cluster,jcall,virt-launcher-rhel9-lab-net-s97gz,registry.redhat.io/container-native-virtualization/virt-launcher-rhel9@sha256:9dc92790701fb9dfed27d3246c592504d7a9aafa1c9cc8c4c9eee126d132539f,2024-05-06T20:40:00.681766599Z
salsa-cluster,jcall,virt-launcher-fedora-apricot-basilisk-48-72hsh,registry.redhat.io/container-native-virtualization/virt-launcher-rhel9@sha256:9dc92790701fb9dfed27d3246c592504d7a9aafa1c9cc8c4c9eee126d132539f,2024-05-06T20:40:00.681766599Z
salsa-cluster,jcall,virt-launcher-centos-airgap-hfwhr,registry.redhat.io/container-native-virtualization/virt-launcher-rhel9@sha256:9dc92790701fb9dfed27d3246c592504d7a9aafa1c9cc8c4c9eee126d132539f,2024-05-06T20:40:00.681766599Z
salsa-cluster,pkramp,virt-launcher-fedora-aquamarine-roundworm-38-b6j2r,registry.redhat.io/container-native-virtualization/virt-launcher-rhel9@sha256:9dc92790701fb9dfed27d3246c592504d7a9aafa1c9cc8c4c9eee126d132539f,2024-05-06T20:40:00.681766599Z
salsa-cluster,demo-hybrid,wordpress-cache,docker.io/library/redis:latest,2024-05-22T23:17:59Z
salsa-cluster,openshift-storage,rook-ceph-operator,registry.redhat.io/odf4/rook-ceph-rhel9-operator@sha256:81c3a2dec21a8cd727f136f359b761cfcd6cab1e338899d1d5ae1fb7c521bd62,2024-06-14T16:10:37.988248785Z
salsa-cluster,rhacs-operator,rhacs-operator-controller-manager,registry.redhat.io/advanced-cluster-security/rhacs-rhel8-operator@sha256:044965511860430259846bbcd9f7e16587c717dd0b18815bcc13ee2e2c67206c,2024-06-28T20:42:36.242643067Z
salsa-cluster,kasten-io,catalog-svc,registry.connect.redhat.com/kasten/catalog@sha256:3317904a64c7ce031c80e8d8b509e3cf071ddcf1a8ce9eeed4e0fceed273382e,2024-06-28T21:51:18.083294432Z
salsa-cluster,kasten-io,catalog-svc,registry.connect.redhat.com/kasten/kanister-tools@sha256:5a74e0419101921dff568c0d5e26ed5a08ef799a685234ddcac8d503aad634c4,2024-06-28T21:50:22.017954584Z
salsa-cluster,kasten-io,logging-svc,registry.connect.redhat.com/kasten/logging@sha256:cca26e0e8d44ab739921e1a84f7739992213422a0c240e6c1badc7bda9425c3a,2024-06-28T21:49:33.314337354Z
salsa-cluster,openshift-cnv,virt-exportproxy,registry.redhat.io/container-native-virtualization/virt-exportproxy-rhel9@sha256:bd7cc5eea885750947e1161719a92507310a0ad84f1d2ac0cee2f5f08c1a06b8,2024-05-06T20:38:31.213782833Z
salsa-cluster,openshift-cnv,virt-operator,registry.redhat.io/container-native-virtualization/virt-operator-rhel9@sha256:bb329f41c1bfd013d2802d135bd366a315fe8921b3ce9d4b34642680a2c032ce,2024-05-08T12:50:19.717747132Z
salsa-cluster,openshift-kni-infra,coredns-rhsvc2.redhat.com,quay.io/openshift-release-dev/ocp-v4.0-art-dev@sha256:191320a1d0ace411fcd0aaf715d9a1cdd90559fcfaa48a9eb5161cccaa641454,2024-06-14T03:41:59.408390205Z
salsa-cluster,openshift-kni-infra,coredns-rhsvc2.redhat.com,quay.io/openshift-release-dev/ocp-v4.0-art-dev@sha256:2a42d88e633805d35636ead9396d3e0f3131a589c69cf32a84035e102023846f,2024-06-20T03:59:10.079131082Z
salsa-cluster,openshift-kni-infra,coredns-rhsvc3.redhat.com,quay.io/openshift-release-dev/ocp-v4.0-art-dev@sha256:191320a1d0ace411fcd0aaf715d9a1cdd90559fcfaa48a9eb5161cccaa641454,2024-06-14T03:41:59.408390205Z
salsa-cluster,openshift-kni-infra,coredns-rhsvc3.redhat.com,quay.io/openshift-release-dev/ocp-v4.0-art-dev@sha256:2a42d88e633805d35636ead9396d3e0f3131a589c69cf32a84035e102023846f,2024-06-20T03:59:10.079131082Z
salsa-cluster,openshift-kni-infra,coredns-rhsvc1.redhat.com,quay.io/openshift-release-dev/ocp-v4.0-art-dev@sha256:191320a1d0ace411fcd0aaf715d9a1cdd90559fcfaa48a9eb5161cccaa641454,2024-06-14T03:41:59.408390205Z
salsa-cluster,openshift-kni-infra,coredns-rhsvc1.redhat.com,quay.io/openshift-release-dev/ocp-v4.0-art-dev@sha256:2a42d88e633805d35636ead9396d3e0f3131a589c69cf32a84035e102023846f,2024-06-20T03:59:10.079131082Z
salsa-cluster,openshift-cnv,kubevirt-apiserver-proxy,registry.redhat.io/container-native-virtualization/kubevirt-apiserver-proxy-rhel9@sha256:9b564ae8dff451e8db367595f1274f481a6b28ae6595b70b106ce45a0f1e0003,2024-04-18T01:22:55.558779055Z
salsa-cluster,openshift-cnv,virt-api,registry.redhat.io/container-native-virtualization/virt-api-rhel9@sha256:468d7a275870454ea1326e068d4fe03eeaeea9f22449c3d988ae61d875579c7c,2024-05-06T20:38:54.850180938Z
salsa-cluster,openshift-cnv,virt-controller,registry.redhat.io/container-native-virtualization/virt-controller-rhel9@sha256:3fd12cfa4bc6ba8ac056650d5b784869dc0c470a3c660310edfd98a1a073219f,2024-05-06T20:38:58.785079702Z
salsa-cluster,openshift-cnv,cdi-deployment,registry.redhat.io/container-native-virtualization/virt-cdi-controller-rhel9@sha256:7da3d3d7a21e773a17f936861afc36e859aa10981b0bd5d09f6e641074c49ee7,2024-05-05T13:56:25.025958944Z
salsa-cluster,openshift-cnv,bridge-marker,registry.redhat.io/container-native-virtualization/bridge-marker-rhel9@sha256:f4f4571e434174579e27dc0f664504546d46e68baa88f4d3cb9060bf81dc590b,2024-04-18T02:45:45.321341884Z
salsa-cluster,kasten-io,auth-svc,registry.connect.redhat.com/kasten/auth@sha256:32be3ce5f1368975667ae7d1c6f1d7a9df2af4bfa9cc5c9fa4fa88008dac5e68,2024-06-28T21:50:13.001359842Z
salsa-cluster,kasten-io,auth-svc,registry.connect.redhat.com/kasten/dex@sha256:089b1b1cac93def63d23bc36e1d41c53596367be1fa63ea35037d5de876b657f,2024-06-28T21:51:24.780339802Z
salsa-cluster,kasten-io,controllermanager-svc,registry.connect.redhat.com/kasten/controllermanager@sha256:39432802b52308b820a973de0b9a706fef106f8753dd43c6cfda6b9e1bb99c65,2024-06-28T21:49:44.994887988Z
salsa-cluster,kasten-io,dashboardbff-svc,registry.connect.redhat.com/kasten/dashboardbff@sha256:3050584b3cb6e248e6d51ef3edde5e0c688fe28d75da9a58f5e47105b2606846,2024-06-28T21:50:46.436025832Z
salsa-cluster,kasten-io,dashboardbff-svc,registry.connect.redhat.com/kasten/vbrintegrationapi@sha256:6e5508728f4b165ad4e4db305dd31d2d459b5aa2f07de95f67e8f92f13159770,2024-06-28T21:50:53.802742325Z
salsa-cluster,openshift-machine-api,ironic-proxy,quay.io/openshift-release-dev/ocp-v4.0-art-dev@sha256:f0afd6500ac24aa4f79450a0b6884a6ef20a4c5e3a32b02911f89561e1568d73,2024-06-14T03:02:09.791894013Z
salsa-cluster,openshift-nmstate,nmstate-handler,registry.redhat.io/openshift4/ose-kubernetes-nmstate-handler-rhel9@sha256:4269ce4e7da71c88aaf507125da9f7b8fa4280286c2d19b41d1e39c7479b89c7,2024-06-20T16:26:03.446608717Z
salsa-cluster,openshift-cnv,virt-template-validator,registry.redhat.io/container-native-virtualization/kubevirt-template-validator-rhel9@sha256:172ff585b750511a35559be3ae5112cc22704bdb32c621a06acc7bb4b7e06a05,2024-04-23T12:33:37.655211936Z
salsa-cluster,kasten-io,frontend-svc,registry.connect.redhat.com/kasten/frontend@sha256:d26c41e6215eef80d2429cbb9d2c7c230307c3cab0e5d56719558a2508dbe05d,2024-06-28T21:46:22.524684282Z
salsa-cluster,open-cluster-management-agent-addon,iam-policy-controller,registry.redhat.io/rhacm2/iam-policy-controller-rhel9@sha256:19f1f9b59ea78ea39daa84ee69b40091e454e14a2f589058db085eb0b9f5b50f,2024-05-15T11:16:30.419641076Z
salsa-cluster,openshift-cloud-controller-manager-operator,cluster-cloud-controller-manager-operator,quay.io/openshift-release-dev/ocp-v4.0-art-dev@sha256:c6d72e21ad9a051339c7b3b79c427c9ebe695f78fa374aa74b1494f0536e2ab7,2024-06-14T04:02:57.405310097Z
salsa-cluster,openshift-cloud-controller-manager-operator,cluster-cloud-controller-manager-operator,quay.io/openshift-release-dev/ocp-v4.0-art-dev@sha256:e3b505bac492ac954c80c7e74ff6c6a2c2512a5b621814769b4415a22e790ee8,2024-06-18T10:49:09.766525769Z
salsa-cluster,openshift-cnv,cdi-uploadproxy,registry.redhat.io/container-native-virtualization/virt-cdi-uploadproxy-rhel9@sha256:bb2b8204b0e70d908209ccce2086d1facf960e849f59413d3560640697c5c0a4,2024-05-05T13:56:36.084506949Z
salsa-cluster,open-cluster-management-agent-addon,governance-policy-framework,registry.redhat.io/rhacm2/acm-governance-policy-framework-addon-rhel9@sha256:604d98c553aa58b92524aa1f36b07510fc7d73131205c1bdff924931ad2fdb39,2024-05-02T09:14:44.140784503Z
salsa-cluster,open-cluster-management-agent-addon,governance-policy-framework,registry.redhat.io/rhacm2/kube-rbac-proxy-rhel9@sha256:8485d7466de8b9184ea79587cbad40789e9afadd6807623616e8b87aca811138,2024-05-02T09:21:10.540405280Z
salsa-cluster,openshift-cnv,cdi-apiserver,registry.redhat.io/container-native-virtualization/virt-cdi-apiserver-rhel9@sha256:c41401050faf796cee20b0b0e7307a87dbd4d4daa0bd4f5a0eb8b0179ed8a534,2024-05-05T13:56:36.342660923Z
salsa-cluster,openshift-cnv,hco-webhook,registry.redhat.io/container-native-virtualization/hyperconverged-cluster-webhook-rhel9@sha256:e1dd862e740c87cd8d825fea225ee0a9f5e83e762245e2a074200f36ee93fc74,2024-05-07T14:49:08.124582454Z
salsa-cluster,openshift-cnv,hostpath-provisioner-operator,registry.redhat.io/container-native-virtualization/hostpath-provisioner-operator-rhel9@sha256:a3bd0a7b7e6d2277b71fe3974dacf7830c3552b0e678ecfecd738e1d2bcd83da,2024-04-18T02:51:02.980125517Z
salsa-cluster,open-cluster-management-agent-addon,config-policy-controller,registry.redhat.io/rhacm2/config-policy-controller-rhel9@sha256:ad876f2f1087f3f413cb5aea0f488e04560f6092d65633a64baf62a524298e11,2024-05-02T13:20:32.496483796Z
salsa-cluster,open-cluster-management-agent-addon,config-policy-controller,registry.redhat.io/rhacm2/kube-rbac-proxy-rhel9@sha256:8485d7466de8b9184ea79587cbad40789e9afadd6807623616e8b87aca811138,2024-05-02T09:21:10.540405280Z
salsa-cluster,kasten-io,executor-svc,registry.connect.redhat.com/kasten/executor@sha256:e0f1099b1aec457171f64a7897b1a5ab7aecba49133b275b25f5e1610b5e7c56,2024-06-28T21:51:10.854008063Z
salsa-cluster,kasten-io,prometheus-server,registry.connect.redhat.com/kasten/prometheus@sha256:f9fe132c521a2afe309e166cb97e8f64b9cd4ee9328d816a6bbb0152eaa5e93d,2024-06-28T21:51:44.077035951Z
salsa-cluster,kasten-io,prometheus-server,registry.connect.redhat.com/kasten/configmap-reload@sha256:b4f56c4faa26804216a3961622ea042bdc37fee09fc1b2b2a9e762065f53ab58,2024-06-28T21:51:27.313172382Z
salsa-cluster,kasten-io,kanister-svc,registry.connect.redhat.com/kasten/kanister@sha256:42ad8305612d068e4729f6f8addfda074deaaee5c21a9ffc515fe0d26e677c1e,2024-06-28T21:50:00.720318335Z
salsa-cluster,kasten-io,metering-svc,registry.connect.redhat.com/kasten/metering@sha256:b8ae815eff3eba64a62fe9863bbad86f36663c5c7697ae2631eb8d7c20684afb,2024-06-28T21:50:47.966266044Z
salsa-cluster,openshift-cnv,kubemacpool-cert-manager,registry.redhat.io/container-native-virtualization/kubemacpool-rhel9@sha256:21139ce9b582392d85193b2a0d82e19428fb65d2d9e7c8cef6ce8d64bffc3230,2024-04-18T02:45:45.590144969Z
salsa-cluster,kasten-io,state-svc,registry.connect.redhat.com/kasten/events@sha256:a456874331bd1009f132ca75dde6afa073a29114b2f90fc8a445b6af09bd362a,2024-06-28T21:50:27.835392986Z
salsa-cluster,kasten-io,state-svc,registry.connect.redhat.com/kasten/state@sha256:acd3342087f8c811d3faae2fd393efc64a04d612ee8cd9446587c4dfb7aa7727,2024-06-28T21:49:16.975435432Z
salsa-cluster,openshift-kube-apiserver,kube-apiserver-rhsvc1.redhat.com,quay.io/openshift-release-dev/ocp-v4.0-art-dev@sha256:860ebd8133979abd7dfa218c05b8626ed271978350c9b43a4cf16f24bdee83b0,2024-06-14T03:59:53.943019702Z
salsa-cluster,openshift-kube-apiserver,kube-apiserver-rhsvc1.redhat.com,quay.io/openshift-release-dev/ocp-v4.0-art-dev@sha256:6e5574a4c306d5aad28acdd25e8a3a71619343b56de4acebc5e916cb9c7a74f3,2024-06-14T03:24:59.255507901Z
salsa-cluster,openshift-kube-apiserver,kube-apiserver-rhsvc3.redhat.com,quay.io/openshift-release-dev/ocp-v4.0-art-dev@sha256:860ebd8133979abd7dfa218c05b8626ed271978350c9b43a4cf16f24bdee83b0,2024-06-14T03:59:53.943019702Z
salsa-cluster,openshift-kube-apiserver,kube-apiserver-rhsvc3.redhat.com,quay.io/openshift-release-dev/ocp-v4.0-art-dev@sha256:6e5574a4c306d5aad28acdd25e8a3a71619343b56de4acebc5e916cb9c7a74f3,2024-06-14T03:24:59.255507901Z
salsa-cluster,openshift-kube-apiserver,kube-apiserver-rhsvc2.redhat.com,quay.io/openshift-release-dev/ocp-v4.0-art-dev@sha256:860ebd8133979abd7dfa218c05b8626ed271978350c9b43a4cf16f24bdee83b0,2024-06-14T03:59:53.943019702Z
salsa-cluster,openshift-kube-apiserver,kube-apiserver-rhsvc2.redhat.com,quay.io/openshift-release-dev/ocp-v4.0-art-dev@sha256:6e5574a4c306d5aad28acdd25e8a3a71619343b56de4acebc5e916cb9c7a74f3,2024-06-14T03:24:59.255507901Z
salsa-cluster,open-cluster-management-agent-addon,cert-policy-controller,registry.redhat.io/rhacm2/cert-policy-controller-rhel9@sha256:52b9f3777716b520eda2ad9e4208249f6407594284b245bc1e603f338bce831a,2024-05-15T11:16:58.320198659Z
salsa-cluster,openshift-storage,ux-backend-server,registry.redhat.io/openshift4/ose-oauth-proxy@sha256:e52f88555004b575104691fe96f758ee5e6ec832b99107a5a18fc8379d29afda,2024-05-23T01:31:42.198122492Z
salsa-cluster,openshift-storage,ux-backend-server,registry.redhat.io/odf4/ocs-rhel9-operator@sha256:23d55b54dc1cacf37936ff4ef2ed15984dc3630b097d480b4b0d68331b315bec,2024-06-14T15:41:26.239599569Z
salsa-cluster,open-cluster-management-agent-addon,klusterlet-addon-search,registry.redhat.io/rhacm2/search-collector-rhel9@sha256:57b9c4f4f541b21d24b84fba24b2e4b6b438faacc7796f1eeafff3a5479a56d5,2024-05-02T09:07:25.166895139Z
salsa-cluster,openshift-cnv,centos-stream9-image-cron-55d7d600,registry.redhat.io/container-native-virtualization/virt-cdi-importer-rhel9@sha256:11602c4a8e9faeb63bfe8e8e93817097343335a1d15a89ddb726a67680cb2637,2024-05-05T13:57:40.301135428Z
salsa-cluster,openshift-cnv,centos-stream8-image-cron-0a98430b,registry.redhat.io/container-native-virtualization/virt-cdi-importer-rhel9@sha256:11602c4a8e9faeb63bfe8e8e93817097343335a1d15a89ddb726a67680cb2637,2024-05-05T13:57:40.301135428Z
salsa-cluster,openshift-cnv,fedora-image-cron-9a2fb6e7,registry.redhat.io/container-native-virtualization/virt-cdi-importer-rhel9@sha256:11602c4a8e9faeb63bfe8e8e93817097343335a1d15a89ddb726a67680cb2637,2024-05-05T13:57:40.301135428Z
salsa-cluster,openshift-cnv,centos-7-image-cron-bb8ee5f7,registry.redhat.io/container-native-virtualization/virt-cdi-importer-rhel9@sha256:11602c4a8e9faeb63bfe8e8e93817097343335a1d15a89ddb726a67680cb2637,2024-05-05T13:57:40.301135428Z
salsa-cluster,openshift-cnv,hco-operator,registry.redhat.io/container-native-virtualization/hyperconverged-cluster-operator-rhel9@sha256:3ed996fef6e8e17edc39e277000930b255de4d40968c9349995534cb0e2c0b07,2024-05-07T14:49:39.496055689Z
salsa-cluster,openshift-cnv,cdi-operator,registry.redhat.io/container-native-virtualization/virt-cdi-operator-rhel9@sha256:2656f57b590cf4dd254c949da7c0603d5019a16a8002f771ff9329270a74b2ea,2024-05-05T13:55:26.047718138Z
salsa-cluster,kasten-io,aggregatedapis-svc,registry.connect.redhat.com/kasten/aggregatedapis@sha256:7303dacefd303a7f568942e9f4a3340a456026a28b928b9ddcedc58c31379ec8,2024-06-28T21:50:57.232414819Z
salsa-cluster,kasten-io,jobs-svc,registry.connect.redhat.com/kasten/jobs@sha256:c77fc5e8e292735ce74eead31a7daf54f2429d133b5bc8da99f47656a3d2200c,2024-06-28T21:49:16.993761169Z
salsa-cluster,openshift-storage,noobaa-operator,registry.redhat.io/odf4/mcg-rhel9-operator@sha256:d84a3bfbce60d7fbf1b08e3ef52725c13554ffb864e564c7ac2632934cc98fc7,2024-06-14T15:37:31.530488959Z
salsa-cluster,openshift-ovn-kubernetes,ovnkube-node,quay.io/openshift-release-dev/ocp-v4.0-art-dev@sha256:e3b505bac492ac954c80c7e74ff6c6a2c2512a5b621814769b4415a22e790ee8,2024-06-18T10:49:09.766525769Z
salsa-cluster,openshift-ovn-kubernetes,ovnkube-node,quay.io/openshift-release-dev/ocp-v4.0-art-dev@sha256:8bbca1f50f7d4c53360c6ec4c956f331c1de93646b10161a2351f4cbeb6a8d36,2024-06-14T04:49:50.403768549Z
salsa-cluster,openshift-storage,csi-addons-controller-manager,registry.redhat.io/openshift4/ose-kube-rbac-proxy@sha256:0c2e9805d2c48d3cea7a9e348f0c37de435302e2e244415541c8a6fd75d77132,2024-05-22T23:49:30.483416290Z
salsa-cluster,openshift-storage,csi-addons-controller-manager,registry.redhat.io/odf4/odf-csi-addons-rhel9-operator@sha256:e510f9ae9aa5d0e75f9af049b35a1dfd9cbc3fab617ae5185df38301c281ece0,2024-06-14T16:00:52.713573158Z
salsa-cluster,openshift-storage,ocs-operator,registry.redhat.io/odf4/ocs-rhel9-operator@sha256:23d55b54dc1cacf37936ff4ef2ed15984dc3630b097d480b4b0d68331b315bec,2024-06-14T15:41:26.239599569Z
salsa-cluster,openshift-machine-api,machine-api-controllers,quay.io/openshift-release-dev/ocp-v4.0-art-dev@sha256:e3b505bac492ac954c80c7e74ff6c6a2c2512a5b621814769b4415a22e790ee8,2024-06-18T10:49:09.766525769Z
salsa-cluster,openshift-machine-api,machine-api-controllers,quay.io/openshift-release-dev/ocp-v4.0-art-dev@sha256:0691659292a62a945cf648ca779cde541d79272e7209bbb2786e650db8d1ee09,2024-06-14T03:52:39.443487633Z
salsa-cluster,openshift-machine-api,machine-api-controllers,quay.io/openshift-release-dev/ocp-v4.0-art-dev@sha256:60ff77da5ec4142f711d05572a407d150b1be15620c40e97e99dc21944b425ed,2024-06-14T03:38:16.588882244Z
salsa-cluster,openshift-etcd,etcd-rhsvc2.redhat.com,quay.io/openshift-release-dev/ocp-v4.0-art-dev@sha256:ff53c03c3ed16bc17173f7b90f1c5b45225f80303d27dd195c1f538e78af71fc,2024-06-14T03:43:49.805827431Z
salsa-cluster,openshift-etcd,etcd-rhsvc2.redhat.com,quay.io/openshift-release-dev/ocp-v4.0-art-dev@sha256:cf84e86942a088ca089fb1e7a7eb6faba5d29cfea81fc8d93b570ab759c93a8a,2024-06-14T03:32:19.975903190Z
salsa-cluster,openshift-etcd,etcd-rhsvc3.redhat.com,quay.io/openshift-release-dev/ocp-v4.0-art-dev@sha256:ff53c03c3ed16bc17173f7b90f1c5b45225f80303d27dd195c1f538e78af71fc,2024-06-14T03:43:49.805827431Z
salsa-cluster,openshift-etcd,etcd-rhsvc3.redhat.com,quay.io/openshift-release-dev/ocp-v4.0-art-dev@sha256:cf84e86942a088ca089fb1e7a7eb6faba5d29cfea81fc8d93b570ab759c93a8a,2024-06-14T03:32:19.975903190Z
salsa-cluster,openshift-etcd,etcd-rhsvc1.redhat.com,quay.io/openshift-release-dev/ocp-v4.0-art-dev@sha256:ff53c03c3ed16bc17173f7b90f1c5b45225f80303d27dd195c1f538e78af71fc,2024-06-14T03:43:49.805827431Z
salsa-cluster,openshift-etcd,etcd-rhsvc1.redhat.com,quay.io/openshift-release-dev/ocp-v4.0-art-dev@sha256:cf84e86942a088ca089fb1e7a7eb6faba5d29cfea81fc8d93b570ab759c93a8a,2024-06-14T03:32:19.975903190Z
salsa-cluster,openshift-apiserver,apiserver,quay.io/openshift-release-dev/ocp-v4.0-art-dev@sha256:96f0583e1c2ddef13a33279295218a95e641625dba1835786e503a7b1deedfd4,2024-06-14T04:03:06.869855795Z
salsa-cluster,openshift-apiserver,apiserver,quay.io/openshift-release-dev/ocp-v4.0-art-dev@sha256:6e5574a4c306d5aad28acdd25e8a3a71619343b56de4acebc5e916cb9c7a74f3,2024-06-14T03:24:59.255507901Z
salsa-cluster,openshift-machine-api,metal3-image-customization,quay.io/openshift-release-dev/ocp-v4.0-art-dev@sha256:9c0843d232fe6f8b6ea1ee1762b1341d7f16f26f1c1d4daf52e9ba76cafa828c,2024-06-18T10:45:02.405745306Z
salsa-cluster,openshift-cnv,mtq-operator,registry.redhat.io/container-native-virtualization/mtq-operator-rhel9@sha256:dd0040b4d143c894eb7c0e7ed13dce3db1be6f606e1097c90754ad32c555fcaa,2024-04-17T00:28:47.780678315Z
salsa-cluster,openshift-cnv,aaq-operator,registry.redhat.io/container-native-virtualization/aaq-operator-rhel9@sha256:92e21e7aef6975cc0e56c6aa613fafa2a528e05af34f9672ccbb6fcdd161bab6,2024-05-08T12:48:22.157464964Z
salsa-cluster,openshift-monitoring,alertmanager-main,quay.io/openshift-release-dev/ocp-v4.0-art-dev@sha256:6a6f1eec7b5cad1e5ace7db17f3afa289ba63e48d92f22342720ca19f4d7413d,2024-06-18T10:01:18.942373640Z
salsa-cluster,openshift-monitoring,alertmanager-main,quay.io/openshift-release-dev/ocp-v4.0-art-dev@sha256:79aeebb6a20cdf67c75124be88be248010c044bf13e55aea9bd8321edc0fbe5b,2024-06-14T03:03:29.172899291Z
salsa-cluster,openshift-monitoring,alertmanager-main,quay.io/openshift-release-dev/ocp-v4.0-art-dev@sha256:f0a854b7d51641b6e67cf5d751966d342e5b442a43556613de82388c993490a5,2024-06-14T03:43:41.489388074Z
salsa-cluster,openshift-monitoring,alertmanager-main,quay.io/openshift-release-dev/ocp-v4.0-art-dev@sha256:e3b505bac492ac954c80c7e74ff6c6a2c2512a5b621814769b4415a22e790ee8,2024-06-18T10:49:09.766525769Z
salsa-cluster,openshift-monitoring,alertmanager-main,quay.io/openshift-release-dev/ocp-v4.0-art-dev@sha256:204a7f0f6791fe4ce4594dc3f61d4184132313687b3dff8a01c9ac772798d74a,2024-06-18T10:00:00.579389698Z
salsa-cluster,openshift-machine-config-operator,kube-rbac-proxy-crio-rhsvc3.redhat.com,quay.io/openshift-release-dev/ocp-v4.0-art-dev@sha256:e3b505bac492ac954c80c7e74ff6c6a2c2512a5b621814769b4415a22e790ee8,2024-06-18T10:49:09.766525769Z
salsa-cluster,openshift-machine-config-operator,kube-rbac-proxy-crio-rhsvc1.redhat.com,quay.io/openshift-release-dev/ocp-v4.0-art-dev@sha256:e3b505bac492ac954c80c7e74ff6c6a2c2512a5b621814769b4415a22e790ee8,2024-06-18T10:49:09.766525769Z
salsa-cluster,openshift-machine-config-operator,kube-rbac-proxy-crio-rhsvc2.redhat.com,quay.io/openshift-release-dev/ocp-v4.0-art-dev@sha256:e3b505bac492ac954c80c7e74ff6c6a2c2512a5b621814769b4415a22e790ee8,2024-06-18T10:49:09.766525769Z
salsa-cluster,openshift-authentication,oauth-openshift,quay.io/openshift-release-dev/ocp-v4.0-art-dev@sha256:2e6471ba75168ebb5e5cec2d4d80d4a2ea951a510a9c5ff55adcb0d067d3c595,2024-06-14T03:44:17.144710140Z
salsa-cluster,openshift-oauth-apiserver,apiserver,quay.io/openshift-release-dev/ocp-v4.0-art-dev@sha256:14867d32ea318971b9b357decd05918ecab679a416e5686a96403dc38545caba,2024-06-14T03:13:22.785286244Z
salsa-cluster,openshift-storage,odf-operator-controller-manager,registry.redhat.io/openshift4/ose-kube-rbac-proxy@sha256:0c2e9805d2c48d3cea7a9e348f0c37de435302e2e244415541c8a6fd75d77132,2024-05-22T23:49:30.483416290Z
salsa-cluster,openshift-storage,odf-operator-controller-manager,registry.redhat.io/odf4/odf-rhel9-operator@sha256:8d67a1322f50bb8287de00ed9389bf218f6a378f33bf757bba93927d7c9ec7a2,2024-06-14T16:07:05.636710976Z
salsa-cluster,openshift-monitoring,prometheus-k8s,quay.io/openshift-release-dev/ocp-v4.0-art-dev@sha256:f0a854b7d51641b6e67cf5d751966d342e5b442a43556613de82388c993490a5,2024-06-14T03:43:41.489388074Z
salsa-cluster,openshift-monitoring,prometheus-k8s,quay.io/openshift-release-dev/ocp-v4.0-art-dev@sha256:e3b505bac492ac954c80c7e74ff6c6a2c2512a5b621814769b4415a22e790ee8,2024-06-18T10:49:09.766525769Z
salsa-cluster,openshift-monitoring,prometheus-k8s,quay.io/openshift-release-dev/ocp-v4.0-art-dev@sha256:1f74b30204691dcd65bd018b3d5ab2741ee66dd9b686883d8d38a70dfa5398aa,2024-06-18T10:04:35.309031180Z
salsa-cluster,openshift-monitoring,prometheus-k8s,quay.io/openshift-release-dev/ocp-v4.0-art-dev@sha256:79aeebb6a20cdf67c75124be88be248010c044bf13e55aea9bd8321edc0fbe5b,2024-06-14T03:03:29.172899291Z
salsa-cluster,openshift-monitoring,prometheus-k8s,quay.io/openshift-release-dev/ocp-v4.0-art-dev@sha256:65e21d613e6680c71c74f0c7033b1d8066d181e416ee7d71a14de37686720aff,2024-06-18T10:58:05.884772343Z
salsa-cluster,openshift-kube-controller-manager,kube-controller-manager-rhsvc1.redhat.com,quay.io/openshift-release-dev/ocp-v4.0-art-dev@sha256:80f9f9055fe93d74150b107a15767fc0daabed51f5ac554e49300a7c0235f91f,2024-06-14T03:59:43.894399152Z
salsa-cluster,openshift-kube-controller-manager,kube-controller-manager-rhsvc1.redhat.com,quay.io/openshift-release-dev/ocp-v4.0-art-dev@sha256:860ebd8133979abd7dfa218c05b8626ed271978350c9b43a4cf16f24bdee83b0,2024-06-14T03:59:53.943019702Z
salsa-cluster,openshift-kube-controller-manager,kube-controller-manager-rhsvc1.redhat.com,quay.io/openshift-release-dev/ocp-v4.0-art-dev@sha256:8f01c4de3db4cf5a8f12a48509bb26ec1539d0b8233a38f51eeee60716b7fc5f,2024-06-14T03:27:45.631738575Z
salsa-cluster,openshift-kube-controller-manager,kube-controller-manager-rhsvc2.redhat.com,quay.io/openshift-release-dev/ocp-v4.0-art-dev@sha256:80f9f9055fe93d74150b107a15767fc0daabed51f5ac554e49300a7c0235f91f,2024-06-14T03:59:43.894399152Z
salsa-cluster,openshift-kube-controller-manager,kube-controller-manager-rhsvc2.redhat.com,quay.io/openshift-release-dev/ocp-v4.0-art-dev@sha256:860ebd8133979abd7dfa218c05b8626ed271978350c9b43a4cf16f24bdee83b0,2024-06-14T03:59:53.943019702Z
salsa-cluster,openshift-kube-controller-manager,kube-controller-manager-rhsvc2.redhat.com,quay.io/openshift-release-dev/ocp-v4.0-art-dev@sha256:8f01c4de3db4cf5a8f12a48509bb26ec1539d0b8233a38f51eeee60716b7fc5f,2024-06-14T03:27:45.631738575Z
salsa-cluster,openshift-kube-controller-manager,kube-controller-manager-rhsvc3.redhat.com,quay.io/openshift-release-dev/ocp-v4.0-art-dev@sha256:80f9f9055fe93d74150b107a15767fc0daabed51f5ac554e49300a7c0235f91f,2024-06-14T03:59:43.894399152Z
salsa-cluster,openshift-kube-controller-manager,kube-controller-manager-rhsvc3.redhat.com,quay.io/openshift-release-dev/ocp-v4.0-art-dev@sha256:860ebd8133979abd7dfa218c05b8626ed271978350c9b43a4cf16f24bdee83b0,2024-06-14T03:59:53.943019702Z
salsa-cluster,openshift-kube-controller-manager,kube-controller-manager-rhsvc3.redhat.com,quay.io/openshift-release-dev/ocp-v4.0-art-dev@sha256:8f01c4de3db4cf5a8f12a48509bb26ec1539d0b8233a38f51eeee60716b7fc5f,2024-06-14T03:27:45.631738575Z
salsa-cluster,openshift-machine-api,cluster-baremetal-operator,quay.io/openshift-release-dev/ocp-v4.0-art-dev@sha256:e3b505bac492ac954c80c7e74ff6c6a2c2512a5b621814769b4415a22e790ee8,2024-06-18T10:49:09.766525769Z
salsa-cluster,openshift-machine-api,cluster-baremetal-operator,quay.io/openshift-release-dev/ocp-v4.0-art-dev@sha256:8e8999607e16786a7fc8b30aef602efdc9ae329dddb51d22cb8a7b9bf07e6c3e,2024-06-14T03:41:25.799059773Z
salsa-cluster,openshift-cluster-machine-approver,machine-approver,quay.io/openshift-release-dev/ocp-v4.0-art-dev@sha256:e3b505bac492ac954c80c7e74ff6c6a2c2512a5b621814769b4415a22e790ee8,2024-06-18T10:49:09.766525769Z
salsa-cluster,openshift-cluster-machine-approver,machine-approver,quay.io/openshift-release-dev/ocp-v4.0-art-dev@sha256:1a051a8a18f70d25e9aed4ad8384e547396ce564f4731ddbf820f012eb970620,2024-06-14T03:53:45.903454516Z
salsa-cluster,openshift-monitoring,kube-state-metrics,quay.io/openshift-release-dev/ocp-v4.0-art-dev@sha256:e3b505bac492ac954c80c7e74ff6c6a2c2512a5b621814769b4415a22e790ee8,2024-06-18T10:49:09.766525769Z
salsa-cluster,openshift-monitoring,kube-state-metrics,quay.io/openshift-release-dev/ocp-v4.0-art-dev@sha256:18129f47a58d64f7db2301469c3c61a04fab0dca8f369584db6ea4e32ed93d94,2024-06-14T03:11:46.173110946Z
salsa-cluster,openshift-dns,dns-default,quay.io/openshift-release-dev/ocp-v4.0-art-dev@sha256:191320a1d0ace411fcd0aaf715d9a1cdd90559fcfaa48a9eb5161cccaa641454,2024-06-14T03:41:59.408390205Z
salsa-cluster,openshift-dns,dns-default,quay.io/openshift-release-dev/ocp-v4.0-art-dev@sha256:e3b505bac492ac954c80c7e74ff6c6a2c2512a5b621814769b4415a22e790ee8,2024-06-18T10:49:09.766525769Z
salsa-cluster,openshift-machine-config-operator,machine-config-daemon,quay.io/openshift-release-dev/ocp-v4.0-art-dev@sha256:e3b505bac492ac954c80c7e74ff6c6a2c2512a5b621814769b4415a22e790ee8,2024-06-18T10:49:09.766525769Z
salsa-cluster,openshift-machine-config-operator,machine-config-daemon,quay.io/openshift-release-dev/ocp-v4.0-art-dev@sha256:c2b5b6cabd5cbeb0107dfa1daf3f03a6ec95e0d73d50ec30e4d5907d1e5fe852,2024-06-18T10:55:06.131214269Z
salsa-cluster,openshift-cluster-node-tuning-operator,cluster-node-tuning-operator,quay.io/openshift-release-dev/ocp-v4.0-art-dev@sha256:2fabda9addc0e5cd36cef9acd9c8846e32083a19ceed5dd430c5cc4a218e3acb,2024-06-14T03:23:07.956470225Z
salsa-cluster,openshift-machine-api,machine-api-operator,quay.io/openshift-release-dev/ocp-v4.0-art-dev@sha256:e3b505bac492ac954c80c7e74ff6c6a2c2512a5b621814769b4415a22e790ee8,2024-06-18T10:49:09.766525769Z
salsa-cluster,openshift-machine-api,machine-api-operator,quay.io/openshift-release-dev/ocp-v4.0-art-dev@sha256:60ff77da5ec4142f711d05572a407d150b1be15620c40e97e99dc21944b425ed,2024-06-14T03:38:16.588882244Z
salsa-cluster,openshift-monitoring,telemeter-client,quay.io/openshift-release-dev/ocp-v4.0-art-dev@sha256:e3b505bac492ac954c80c7e74ff6c6a2c2512a5b621814769b4415a22e790ee8,2024-06-18T10:49:09.766525769Z
salsa-cluster,openshift-monitoring,telemeter-client,quay.io/openshift-release-dev/ocp-v4.0-art-dev@sha256:f0a854b7d51641b6e67cf5d751966d342e5b442a43556613de82388c993490a5,2024-06-14T03:43:41.489388074Z
salsa-cluster,openshift-monitoring,telemeter-client,quay.io/openshift-release-dev/ocp-v4.0-art-dev@sha256:6ee2ab76ebc711b3f08671d1a44c55cf05fe7bb2ba9dd0515c6dfb1ce5d08994,2024-06-14T03:20:22.687988864Z
salsa-cluster,openshift-ovn-kubernetes,ovnkube-control-plane,quay.io/openshift-release-dev/ocp-v4.0-art-dev@sha256:e3b505bac492ac954c80c7e74ff6c6a2c2512a5b621814769b4415a22e790ee8,2024-06-18T10:49:09.766525769Z
salsa-cluster,openshift-ovn-kubernetes,ovnkube-control-plane,quay.io/openshift-release-dev/ocp-v4.0-art-dev@sha256:8bbca1f50f7d4c53360c6ec4c956f331c1de93646b10161a2351f4cbeb6a8d36,2024-06-14T04:49:50.403768549Z
salsa-cluster,openshift-multus,multus-admission-controller,quay.io/openshift-release-dev/ocp-v4.0-art-dev@sha256:e3b505bac492ac954c80c7e74ff6c6a2c2512a5b621814769b4415a22e790ee8,2024-06-18T10:49:09.766525769Z
salsa-cluster,openshift-multus,multus-admission-controller,quay.io/openshift-release-dev/ocp-v4.0-art-dev@sha256:3e93ffe2cc72487f3b0d5f06221cc822624a1102476ea3e2f5b86d44975bafa7,2024-06-14T03:39:43.756694661Z
salsa-cluster,openshift-machine-api,cluster-autoscaler-operator,quay.io/openshift-release-dev/ocp-v4.0-art-dev@sha256:e0d61ebac873041a2eef30e92f489972d6178534f2adea83c94aef2412e3798b,2024-06-14T03:40:23.322590957Z
salsa-cluster,openshift-machine-api,cluster-autoscaler-operator,quay.io/openshift-release-dev/ocp-v4.0-art-dev@sha256:e3b505bac492ac954c80c7e74ff6c6a2c2512a5b621814769b4415a22e790ee8,2024-06-18T10:49:09.766525769Z
salsa-cluster,openshift-monitoring,openshift-state-metrics,quay.io/openshift-release-dev/ocp-v4.0-art-dev@sha256:e3b505bac492ac954c80c7e74ff6c6a2c2512a5b621814769b4415a22e790ee8,2024-06-18T10:49:09.766525769Z
salsa-cluster,openshift-monitoring,openshift-state-metrics,quay.io/openshift-release-dev/ocp-v4.0-art-dev@sha256:1ba9c24a317c66a94196c6f503644d2910de828e11ed28ee03f298e89b062392,2024-06-14T03:39:17.048429886Z
salsa-cluster,openshift-image-registry,image-registry,quay.io/openshift-release-dev/ocp-v4.0-art-dev@sha256:5a8c1f657b7b76a7c750a354cf3cf46ebf2b23208a56f02dfab42944a1020e2b,2024-06-14T03:43:14.912999Z
salsa-cluster,openshift-image-registry,cluster-image-registry-operator,quay.io/openshift-release-dev/ocp-v4.0-art-dev@sha256:4fde3e759a24736d16fd8d0b44859ec480518823593efaa1e9a4189f2565efab,2024-06-14T03:23:27.122720310Z
salsa-cluster,openshift-authentication-operator,authentication-operator,quay.io/openshift-release-dev/ocp-v4.0-art-dev@sha256:6dd2390faf0683adb804e441f261a430e80a751d8c853e6e740e58b42b9c4294,2024-06-14T03:49:05.533377498Z
salsa-cluster,openshift-machine-api,metal3-baremetal-operator,quay.io/openshift-release-dev/ocp-v4.0-art-dev@sha256:f15dc360e7a90785ae62b300e3eb30aa91ab45d7b6caa01a8de116dbdac5c1b4,2024-06-14T03:30:49.561894550Z
salsa-cluster,openshift-console-operator,console-operator,quay.io/openshift-release-dev/ocp-v4.0-art-dev@sha256:1dbb0f003a56c1bfb830a44b36258f22432beedd90d8f3fcd59acc9579bc53c8,2024-06-14T03:29:19.658670867Z
salsa-cluster,openshift-marketplace,marketplace-operator,quay.io/openshift-release-dev/ocp-v4.0-art-dev@sha256:e536791a98db3879bf47d20a562b4df1d9d04e0951e20aea649d4d27adf9b28e,2024-06-14T03:32:47.931775454Z
salsa-cluster,openshift-kube-scheduler,openshift-kube-scheduler-rhsvc3.redhat.com,quay.io/openshift-release-dev/ocp-v4.0-art-dev@sha256:860ebd8133979abd7dfa218c05b8626ed271978350c9b43a4cf16f24bdee83b0,2024-06-14T03:59:53.943019702Z
salsa-cluster,openshift-kube-scheduler,openshift-kube-scheduler-rhsvc3.redhat.com,quay.io/openshift-release-dev/ocp-v4.0-art-dev@sha256:646fe791e1fd1f3a19df342c640de298c01fc98a8a9ef049cd71491cbfd89c50,2024-06-14T03:57:26.042859534Z
salsa-cluster,openshift-kube-scheduler,openshift-kube-scheduler-rhsvc1.redhat.com,quay.io/openshift-release-dev/ocp-v4.0-art-dev@sha256:860ebd8133979abd7dfa218c05b8626ed271978350c9b43a4cf16f24bdee83b0,2024-06-14T03:59:53.943019702Z
salsa-cluster,openshift-kube-scheduler,openshift-kube-scheduler-rhsvc1.redhat.com,quay.io/openshift-release-dev/ocp-v4.0-art-dev@sha256:646fe791e1fd1f3a19df342c640de298c01fc98a8a9ef049cd71491cbfd89c50,2024-06-14T03:57:26.042859534Z
salsa-cluster,openshift-kube-scheduler,openshift-kube-scheduler-rhsvc2.redhat.com,quay.io/openshift-release-dev/ocp-v4.0-art-dev@sha256:860ebd8133979abd7dfa218c05b8626ed271978350c9b43a4cf16f24bdee83b0,2024-06-14T03:59:53.943019702Z
salsa-cluster,openshift-kube-scheduler,openshift-kube-scheduler-rhsvc2.redhat.com,quay.io/openshift-release-dev/ocp-v4.0-art-dev@sha256:646fe791e1fd1f3a19df342c640de298c01fc98a8a9ef049cd71491cbfd89c50,2024-06-14T03:57:26.042859534Z
salsa-cluster,openshift-network-operator,network-operator,quay.io/openshift-release-dev/ocp-v4.0-art-dev@sha256:5243b04aeae9a6e793294caf97c55c23a9c22a8401871d97e47e073de805ef33,2024-06-18T04:56:04.114225024Z
salsa-cluster,openshift-image-registry,node-ca,quay.io/openshift-release-dev/ocp-v4.0-art-dev@sha256:5a8c1f657b7b76a7c750a354cf3cf46ebf2b23208a56f02dfab42944a1020e2b,2024-06-14T03:43:14.912999Z
salsa-cluster,openshift-cluster-node-tuning-operator,tuned,quay.io/openshift-release-dev/ocp-v4.0-art-dev@sha256:2fabda9addc0e5cd36cef9acd9c8846e32083a19ceed5dd430c5cc4a218e3acb,2024-06-14T03:23:07.956470225Z
salsa-cluster,openshift-nmstate,nmstate-webhook,registry.redhat.io/openshift4/ose-kubernetes-nmstate-handler-rhel9@sha256:4269ce4e7da71c88aaf507125da9f7b8fa4280286c2d19b41d1e39c7479b89c7,2024-06-20T16:26:03.446608717Z
salsa-cluster,openshift-multus,network-metrics-daemon,quay.io/openshift-release-dev/ocp-v4.0-art-dev@sha256:e3b505bac492ac954c80c7e74ff6c6a2c2512a5b621814769b4415a22e790ee8,2024-06-18T10:49:09.766525769Z
salsa-cluster,openshift-multus,network-metrics-daemon,quay.io/openshift-release-dev/ocp-v4.0-art-dev@sha256:9e32a9231d71e59d6aecb98abd3c419db963a2431dc4db1c483eaffaa1732a43,2024-06-14T03:17:43.057314398Z
salsa-cluster,openshift-kube-scheduler-operator,openshift-kube-scheduler-operator,quay.io/openshift-release-dev/ocp-v4.0-art-dev@sha256:646fe791e1fd1f3a19df342c640de298c01fc98a8a9ef049cd71491cbfd89c50,2024-06-14T03:57:26.042859534Z
salsa-cluster,openshift-marketplace,redhat-operators-jqvwd,quay.io/openshift-release-dev/ocp-v4.0-art-dev@sha256:e4ad64680117f5afad0305bb33803eafe54c07fde768791cbab3790195c0bc31,2024-06-19T09:15:21.524600091Z
salsa-cluster,openshift-controller-manager-operator,openshift-controller-manager-operator,quay.io/openshift-release-dev/ocp-v4.0-art-dev@sha256:5f4246694631ae69931cf05da7ba66be4a4c136144fefb681b09f5ea2c06dce0,2024-06-14T03:35:05.991103730Z
salsa-cluster,openshift-marketplace,redhat-marketplace-vxclb,quay.io/openshift-release-dev/ocp-v4.0-art-dev@sha256:e4ad64680117f5afad0305bb33803eafe54c07fde768791cbab3790195c0bc31,2024-06-19T09:15:21.524600091Z
salsa-cluster,openshift-network-node-identity,network-node-identity,quay.io/openshift-release-dev/ocp-v4.0-art-dev@sha256:8bbca1f50f7d4c53360c6ec4c956f331c1de93646b10161a2351f4cbeb6a8d36,2024-06-14T04:49:50.403768549Z
salsa-cluster,openshift-service-ca-operator,service-ca-operator,quay.io/openshift-release-dev/ocp-v4.0-art-dev@sha256:f386a8d2909a2691b62703c2a2cfc8f3dea745c4e732a7b5328d2e29a444f5a8,2024-06-14T03:59:56.395417436Z
salsa-cluster,openshift-machine-api,control-plane-machine-set-operator,quay.io/openshift-release-dev/ocp-v4.0-art-dev@sha256:bc5875a2e98d41155893e33c33b0f16901a06099f171b5b3767c64d78d0050a8,2024-06-19T17:51:31.773827241Z
salsa-cluster,openshift-cluster-version,cluster-version-operator,quay.io/openshift-release-dev/ocp-release@sha256:4ee0554369f1c48dc734a2a013f76370d8671cc42af168a151aaa9d0229d9c5a,2024-06-20T20:02:18Z
salsa-cluster,openshift-kube-controller-manager-operator,kube-controller-manager-operator,quay.io/openshift-release-dev/ocp-v4.0-art-dev@sha256:8f01c4de3db4cf5a8f12a48509bb26ec1539d0b8233a38f51eeee60716b7fc5f,2024-06-14T03:27:45.631738575Z
salsa-cluster,openshift-apiserver-operator,openshift-apiserver-operator,quay.io/openshift-release-dev/ocp-v4.0-art-dev@sha256:8f4320d0e55a5cfacf73167a565f1f4fb5bec8c55f076e13ab2a0fd8ef0b42dd,2024-06-14T03:48:22.645195099Z
salsa-cluster,openshift-monitoring,prometheus-operator-admission-webhook,quay.io/openshift-release-dev/ocp-v4.0-art-dev@sha256:dc78d889be96642c747f358c83e9eeb6bd599ed0a1743f7f6377c860d2f5f738,2024-06-14T04:00:01.079178936Z
salsa-cluster,openshift-config-operator,openshift-config-operator,quay.io/openshift-release-dev/ocp-v4.0-art-dev@sha256:a2799bb1dcf131bd2eb99f52abf06cebcfa21a683278f346ae03624c7f7fba10,2024-06-14T03:55:37.234056711Z
salsa-cluster,openshift-marketplace,certified-operators-k7pwz,quay.io/openshift-release-dev/ocp-v4.0-art-dev@sha256:e4ad64680117f5afad0305bb33803eafe54c07fde768791cbab3790195c0bc31,2024-06-19T09:15:21.524600091Z
salsa-cluster,openshift-monitoring,cluster-monitoring-operator,quay.io/openshift-release-dev/ocp-v4.0-art-dev@sha256:024bf5eb7e233bbc3185986853478adde574eb469d5c717695f06919e325808f,2024-06-14T03:54:02.588200931Z
salsa-cluster,openshift-operator-lifecycle-manager,packageserver,quay.io/openshift-release-dev/ocp-v4.0-art-dev@sha256:dbc9bdcaacea7d4d186fbb8b5166e527b9a5d86d38dc5d0f699a26de40150b91,2024-06-19T09:11:50.897634933Z
salsa-cluster,openshift-controller-manager,controller-manager,quay.io/openshift-release-dev/ocp-v4.0-art-dev@sha256:2266bb152e929322055c27ec2db6140f76d8d00f27c896446414b9f2c14f7219,2024-06-14T04:00:52.262871227Z
salsa-cluster,openshift-marketplace,community-operators-gc6wp,quay.io/openshift-release-dev/ocp-v4.0-art-dev@sha256:e4ad64680117f5afad0305bb33803eafe54c07fde768791cbab3790195c0bc31,2024-06-19T09:15:21.524600091Z
salsa-cluster,openshift-monitoring,prometheus-adapter,quay.io/openshift-release-dev/ocp-v4.0-art-dev@sha256:6883acad90caaebc08176cc00d0a6e7c7027442129022951d20a5b8ce559289b,2024-06-14T03:19:58.249114456Z
salsa-cluster,openshift-kube-storage-version-migrator-operator,kube-storage-version-migrator-operator,quay.io/openshift-release-dev/ocp-v4.0-art-dev@sha256:70cae9a031ff5420da24626d24fcdb163e790ca9e4f586326513d2ffbb294192,2024-06-14T03:16:00.405549275Z
salsa-cluster,openshift-kube-apiserver-operator,kube-apiserver-operator,quay.io/openshift-release-dev/ocp-v4.0-art-dev@sha256:6e5574a4c306d5aad28acdd25e8a3a71619343b56de4acebc5e916cb9c7a74f3,2024-06-14T03:24:59.255507901Z
salsa-cluster,openshift-service-ca,service-ca,quay.io/openshift-release-dev/ocp-v4.0-art-dev@sha256:f386a8d2909a2691b62703c2a2cfc8f3dea745c4e732a7b5328d2e29a444f5a8,2024-06-14T03:59:56.395417436Z
salsa-cluster,openshift-etcd-operator,etcd-operator,quay.io/openshift-release-dev/ocp-v4.0-art-dev@sha256:cf84e86942a088ca089fb1e7a7eb6faba5d29cfea81fc8d93b570ab759c93a8a,2024-06-14T03:32:19.975903190Z
salsa-cluster,openshift-insights,insights-operator,quay.io/openshift-release-dev/ocp-v4.0-art-dev@sha256:acefb5564d02baf56620b4106b37d005d6cfe4a3f88c5ae5b80117a25d51d16e,2024-06-14T03:43:53.132613663Z
salsa-cluster,openshift-monitoring,thanos-querier,quay.io/openshift-release-dev/ocp-v4.0-art-dev@sha256:e3b505bac492ac954c80c7e74ff6c6a2c2512a5b621814769b4415a22e790ee8,2024-06-18T10:49:09.766525769Z
salsa-cluster,openshift-monitoring,thanos-querier,quay.io/openshift-release-dev/ocp-v4.0-art-dev@sha256:204a7f0f6791fe4ce4594dc3f61d4184132313687b3dff8a01c9ac772798d74a,2024-06-18T10:00:00.579389698Z
salsa-cluster,openshift-monitoring,thanos-querier,quay.io/openshift-release-dev/ocp-v4.0-art-dev@sha256:65e21d613e6680c71c74f0c7033b1d8066d181e416ee7d71a14de37686720aff,2024-06-18T10:58:05.884772343Z
salsa-cluster,openshift-machine-config-operator,machine-config-operator,quay.io/openshift-release-dev/ocp-v4.0-art-dev@sha256:e3b505bac492ac954c80c7e74ff6c6a2c2512a5b621814769b4415a22e790ee8,2024-06-18T10:49:09.766525769Z
salsa-cluster,openshift-machine-config-operator,machine-config-operator,quay.io/openshift-release-dev/ocp-v4.0-art-dev@sha256:c2b5b6cabd5cbeb0107dfa1daf3f03a6ec95e0d73d50ec30e4d5907d1e5fe852,2024-06-18T10:55:06.131214269Z
salsa-cluster,openshift-machine-config-operator,machine-config-controller,quay.io/openshift-release-dev/ocp-v4.0-art-dev@sha256:e3b505bac492ac954c80c7e74ff6c6a2c2512a5b621814769b4415a22e790ee8,2024-06-18T10:49:09.766525769Z
salsa-cluster,openshift-machine-config-operator,machine-config-controller,quay.io/openshift-release-dev/ocp-v4.0-art-dev@sha256:c2b5b6cabd5cbeb0107dfa1daf3f03a6ec95e0d73d50ec30e4d5907d1e5fe852,2024-06-18T10:55:06.131214269Z
salsa-cluster,open-cluster-management-agent,klusterlet-agent,registry.redhat.io/multicluster-engine/registration-operator-rhel9@sha256:800042b3bb53bc70adc55591e19cb6a3f31605a1532991d8c51902819f208d50,2024-06-12T03:36:00.986862536Z
salsa-cluster,openshift-dns,node-resolver,quay.io/openshift-release-dev/ocp-v4.0-art-dev@sha256:1981a46eafe7f1587a499b6a5b6b2957e3faf29c31e33bc070cdbae987031cd3,2024-06-18T10:49:50.933270386Z
salsa-cluster,openshift-monitoring,node-exporter,quay.io/openshift-release-dev/ocp-v4.0-art-dev@sha256:e3b505bac492ac954c80c7e74ff6c6a2c2512a5b621814769b4415a22e790ee8,2024-06-18T10:49:09.766525769Z
salsa-cluster,openshift-monitoring,node-exporter,quay.io/openshift-release-dev/ocp-v4.0-art-dev@sha256:fd7a45db9780133a4433abbf2db50a4ad6483a5bd4d6c5c7fe1c96544c454178,2024-06-18T09:59:39.391225538Z
salsa-cluster,openshift-dns-operator,dns-operator,quay.io/openshift-release-dev/ocp-v4.0-art-dev@sha256:25c77bb8dec8c6120c416fde4fd2925ae4030c207807cf8d73540c5be9f61d84,2024-06-14T03:55:34.706283679Z
salsa-cluster,openshift-dns-operator,dns-operator,quay.io/openshift-release-dev/ocp-v4.0-art-dev@sha256:e3b505bac492ac954c80c7e74ff6c6a2c2512a5b621814769b4415a22e790ee8,2024-06-18T10:49:09.766525769Z
salsa-cluster,openshift-ingress-operator,ingress-operator,quay.io/openshift-release-dev/ocp-v4.0-art-dev@sha256:d68f8c458709234ffc5cde0766341b6a8e99406904ebc175fb6d7ec9e6f1f07c,2024-06-14T03:46:34.774040217Z
salsa-cluster,openshift-ingress-operator,ingress-operator,quay.io/openshift-release-dev/ocp-v4.0-art-dev@sha256:e3b505bac492ac954c80c7e74ff6c6a2c2512a5b621814769b4415a22e790ee8,2024-06-18T10:49:09.766525769Z
salsa-cluster,openshift-operator-lifecycle-manager,package-server-manager,quay.io/openshift-release-dev/ocp-v4.0-art-dev@sha256:e3b505bac492ac954c80c7e74ff6c6a2c2512a5b621814769b4415a22e790ee8,2024-06-18T10:49:09.766525769Z
salsa-cluster,openshift-operator-lifecycle-manager,package-server-manager,quay.io/openshift-release-dev/ocp-v4.0-art-dev@sha256:dbc9bdcaacea7d4d186fbb8b5166e527b9a5d86d38dc5d0f699a26de40150b91,2024-06-19T09:11:50.897634933Z
salsa-cluster,openshift-monitoring,prometheus-operator,quay.io/openshift-release-dev/ocp-v4.0-art-dev@sha256:e3b505bac492ac954c80c7e74ff6c6a2c2512a5b621814769b4415a22e790ee8,2024-06-18T10:49:09.766525769Z
salsa-cluster,openshift-monitoring,prometheus-operator,quay.io/openshift-release-dev/ocp-v4.0-art-dev@sha256:4e998e403df323f21cc19cc918e3319e39a8ab730b99b53a537a4f7390392e70,2024-06-14T04:00:03.019973270Z
salsa-cluster,openshift-operator-lifecycle-manager,collect-profiles,quay.io/openshift-release-dev/ocp-v4.0-art-dev@sha256:dbc9bdcaacea7d4d186fbb8b5166e527b9a5d86d38dc5d0f699a26de40150b91,2024-06-19T09:11:50.897634933Z
salsa-cluster,openshift-kube-controller-manager,kube-controller-manager-guard-rhsvc2.redhat.com,quay.io/openshift-release-dev/ocp-v4.0-art-dev@sha256:8f01c4de3db4cf5a8f12a48509bb26ec1539d0b8233a38f51eeee60716b7fc5f,2024-06-14T03:27:45.631738575Z
salsa-cluster,openshift-kube-scheduler,openshift-kube-scheduler-guard-rhsvc2.redhat.com,quay.io/openshift-release-dev/ocp-v4.0-art-dev@sha256:646fe791e1fd1f3a19df342c640de298c01fc98a8a9ef049cd71491cbfd89c50,2024-06-14T03:57:26.042859534Z
salsa-cluster,openshift-operator-lifecycle-manager,catalog-operator,quay.io/openshift-release-dev/ocp-v4.0-art-dev@sha256:dbc9bdcaacea7d4d186fbb8b5166e527b9a5d86d38dc5d0f699a26de40150b91,2024-06-19T09:11:50.897634933Z
salsa-cluster,openshift-operator-lifecycle-manager,olm-operator,quay.io/openshift-release-dev/ocp-v4.0-art-dev@sha256:dbc9bdcaacea7d4d186fbb8b5166e527b9a5d86d38dc5d0f699a26de40150b91,2024-06-19T09:11:50.897634933Z
salsa-cluster,openshift-cluster-storage-operator,cluster-storage-operator,quay.io/openshift-release-dev/ocp-v4.0-art-dev@sha256:65976de6e18a96e6645939202f449348d5c0b21ad18189194ba41a377ec60e69,2024-06-14T03:34:55.328188062Z
salsa-cluster,openshift-cluster-storage-operator,csi-snapshot-webhook,quay.io/openshift-release-dev/ocp-v4.0-art-dev@sha256:03bf72d1f296694126e0025d602155f21600006584164787d383da9d65ba7fee,2024-06-14T03:57:13.963016117Z
salsa-cluster,openshift-ingress-canary,ingress-canary,quay.io/openshift-release-dev/ocp-v4.0-art-dev@sha256:d68f8c458709234ffc5cde0766341b6a8e99406904ebc175fb6d7ec9e6f1f07c,2024-06-14T03:46:34.774040217Z
salsa-cluster,openshift-nmstate,nmstate-cert-manager,registry.redhat.io/openshift4/ose-kubernetes-nmstate-handler-rhel9@sha256:4269ce4e7da71c88aaf507125da9f7b8fa4280286c2d19b41d1e39c7479b89c7,2024-06-20T16:26:03.446608717Z
salsa-cluster,openshift-local-storage,local-storage-operator,registry.redhat.io/openshift4/ose-local-storage-rhel9-operator@sha256:5a56053e0018029864257926e4f96af7b890623d574102d14a25d17b17d833fd,2024-06-21T13:34:41.582943412Z
salsa-cluster,openshift-cluster-samples-operator,cluster-samples-operator,quay.io/openshift-release-dev/ocp-v4.0-art-dev@sha256:37e0c608aafde311e510202433bfa4967c39f8d5639e84aaa7019604647161c5,2024-06-14T03:03:24.410689822Z
salsa-cluster,openshift-cloud-credential-operator,cloud-credential-operator,quay.io/openshift-release-dev/ocp-v4.0-art-dev@sha256:854d2bdf9aea38303662f8b3acad3672aceadc457087d3664bdc150cd0a020db,2024-06-18T10:46:59.130006335Z
salsa-cluster,openshift-cloud-credential-operator,cloud-credential-operator,quay.io/openshift-release-dev/ocp-v4.0-art-dev@sha256:e3b505bac492ac954c80c7e74ff6c6a2c2512a5b621814769b4415a22e790ee8,2024-06-18T10:49:09.766525769Z
salsa-cluster,openshift-console,console,quay.io/openshift-release-dev/ocp-v4.0-art-dev@sha256:673a4e4de8fc4b268d7ca3eed84236611cc7b52da0cde5df2f5e4d6a8d09f463,2024-06-19T19:25:27.268324034Z
salsa-cluster,openshift-route-controller-manager,route-controller-manager,quay.io/openshift-release-dev/ocp-v4.0-art-dev@sha256:0baf25703d310775d02cff3a09a6e989cdaeb395b34aeee406dd9b65155983a0,2024-06-18T10:56:25.584209438Z
salsa-cluster,openshift-kube-scheduler,openshift-kube-scheduler-guard-rhsvc1.redhat.com,quay.io/openshift-release-dev/ocp-v4.0-art-dev@sha256:646fe791e1fd1f3a19df342c640de298c01fc98a8a9ef049cd71491cbfd89c50,2024-06-14T03:57:26.042859534Z
salsa-cluster,openshift-kube-controller-manager,kube-controller-manager-guard-rhsvc1.redhat.com,quay.io/openshift-release-dev/ocp-v4.0-art-dev@sha256:8f01c4de3db4cf5a8f12a48509bb26ec1539d0b8233a38f51eeee60716b7fc5f,2024-06-14T03:27:45.631738575Z
salsa-cluster,openshift-kube-scheduler,openshift-kube-scheduler-guard-rhsvc3.redhat.com,quay.io/openshift-release-dev/ocp-v4.0-art-dev@sha256:646fe791e1fd1f3a19df342c640de298c01fc98a8a9ef049cd71491cbfd89c50,2024-06-14T03:57:26.042859534Z
salsa-cluster,openshift-kube-apiserver,kube-apiserver-guard-rhsvc3.redhat.com,quay.io/openshift-release-dev/ocp-v4.0-art-dev@sha256:6e5574a4c306d5aad28acdd25e8a3a71619343b56de4acebc5e916cb9c7a74f3,2024-06-14T03:24:59.255507901Z
salsa-cluster,openshift-kube-apiserver,kube-apiserver-guard-rhsvc2.redhat.com,quay.io/openshift-release-dev/ocp-v4.0-art-dev@sha256:6e5574a4c306d5aad28acdd25e8a3a71619343b56de4acebc5e916cb9c7a74f3,2024-06-14T03:24:59.255507901Z
salsa-cluster,openshift-kube-apiserver,kube-apiserver-guard-rhsvc1.redhat.com,quay.io/openshift-release-dev/ocp-v4.0-art-dev@sha256:6e5574a4c306d5aad28acdd25e8a3a71619343b56de4acebc5e916cb9c7a74f3,2024-06-14T03:24:59.255507901Z
salsa-cluster,openshift-kube-controller-manager,kube-controller-manager-guard-rhsvc3.redhat.com,quay.io/openshift-release-dev/ocp-v4.0-art-dev@sha256:8f01c4de3db4cf5a8f12a48509bb26ec1539d0b8233a38f51eeee60716b7fc5f,2024-06-14T03:27:45.631738575Z
salsa-cluster,openshift-etcd,etcd-guard-rhsvc1.redhat.com,quay.io/openshift-release-dev/ocp-v4.0-art-dev@sha256:cf84e86942a088ca089fb1e7a7eb6faba5d29cfea81fc8d93b570ab759c93a8a,2024-06-14T03:32:19.975903190Z
salsa-cluster,openshift-etcd,etcd-guard-rhsvc3.redhat.com,quay.io/openshift-release-dev/ocp-v4.0-art-dev@sha256:cf84e86942a088ca089fb1e7a7eb6faba5d29cfea81fc8d93b570ab759c93a8a,2024-06-14T03:32:19.975903190Z
salsa-cluster,openshift-etcd,etcd-guard-rhsvc2.redhat.com,quay.io/openshift-release-dev/ocp-v4.0-art-dev@sha256:cf84e86942a088ca089fb1e7a7eb6faba5d29cfea81fc8d93b570ab759c93a8a,2024-06-14T03:32:19.975903190Z
salsa-cluster,openshift-network-diagnostics,network-check-target,quay.io/openshift-release-dev/ocp-v4.0-art-dev@sha256:5243b04aeae9a6e793294caf97c55c23a9c22a8401871d97e47e073de805ef33,2024-06-18T04:56:04.114225024Z
salsa-cluster,openshift-cluster-storage-operator,csi-snapshot-controller-operator,quay.io/openshift-release-dev/ocp-v4.0-art-dev@sha256:f7e1164808773181e8f935a31f8c402e3acb788d54b677d11063e9d3c0619cce,2024-06-14T03:47:03.490235273Z
salsa-cluster,openshift-network-diagnostics,network-check-source,quay.io/openshift-release-dev/ocp-v4.0-art-dev@sha256:5243b04aeae9a6e793294caf97c55c23a9c22a8401871d97e47e073de805ef33,2024-06-18T04:56:04.114225024Z
salsa-cluster,open-cluster-management-agent-addon,klusterlet-addon-workmgr,registry.redhat.io/multicluster-engine/multicloud-manager-rhel9@sha256:e3f4161932204678c33278da55d9430cc5f5e5dc7c0abdc3376e5efd40c51b21,2024-06-20T15:44:52.991163801Z
salsa-cluster,openshift-machine-config-operator,machine-config-server,quay.io/openshift-release-dev/ocp-v4.0-art-dev@sha256:c2b5b6cabd5cbeb0107dfa1daf3f03a6ec95e0d73d50ec30e4d5907d1e5fe852,2024-06-18T10:55:06.131214269Z
salsa-cluster,openshift-monitoring,monitoring-plugin,quay.io/openshift-release-dev/ocp-v4.0-art-dev@sha256:b9b35c6c057a8b4af828b459187137b3aba9c119bf498b292efc481f1e39c72f,2024-06-18T10:58:25.040230581Z
salsa-cluster,openshift-nmstate,nmstate-operator,registry.redhat.io/openshift4/kubernetes-nmstate-rhel9-operator@sha256:a263629477f7d6d2104bc308c8e8f4a0c9808415b1e6270917aebbaf4a7e1b20,2024-06-26T03:00:26.986272720Z
salsa-cluster,openshift-kube-storage-version-migrator,migrator,quay.io/openshift-release-dev/ocp-v4.0-art-dev@sha256:e7dd857257afb688ce3ed384da85def6d0712e8cb4cfa880d1f8a965c9cb7c35,2024-06-14T03:54:54.510231592Z
salsa-cluster,openshift-cluster-storage-operator,csi-snapshot-controller,quay.io/openshift-release-dev/ocp-v4.0-art-dev@sha256:ae5e26162f63695e29ce6e82e2a3360102413d0c108c8110be1502b2df7aae57,2024-06-14T03:33:36.214299910Z
salsa-cluster,open-cluster-management-agent-addon,cluster-proxy-proxy-agent,registry.redhat.io/multicluster-engine/cluster-proxy-rhel9@sha256:18fd8581d36853b967afc6f4e86743cbfe733e88fcd59c2fa2d74c276be0ca12,2024-06-20T15:33:45.480657902Z
salsa-cluster,open-cluster-management-agent-addon,cluster-proxy-proxy-agent,registry.redhat.io/multicluster-engine/cluster-proxy-addon-rhel9@sha256:f704a52219d2157083d4b13e065ac60f2ffe461e3381f29fcb854ae43ab475d0,2024-06-20T15:37:59.038989143Z
salsa-cluster,openshift-image-registry,image-pruner,quay.io/openshift-release-dev/ocp-v4.0-art-dev@sha256:1981a46eafe7f1587a499b6a5b6b2957e3faf29c31e33bc070cdbae987031cd3,2024-06-18T10:49:50.933270386Z
salsa-cluster,openshift-console,downloads,quay.io/openshift-release-dev/ocp-v4.0-art-dev@sha256:f6afb0231b1b6bcb7e4dae979756a2ab8f3375c7fd92ea3bd1fd3b3481213934,2024-06-18T11:44:50.741566270Z
salsa-cluster,open-cluster-management-agent,klusterlet,registry.redhat.io/multicluster-engine/registration-operator-rhel9@sha256:800042b3bb53bc70adc55591e19cb6a3f31605a1532991d8c51902819f208d50,2024-06-12T03:36:00.986862536Z
salsa-cluster,stackrox,sensor,registry.redhat.io/advanced-cluster-security/rhacs-main-rhel8@sha256:3bfc643acf90182dcd342c2fb3be13391145bca3509e7b202bdd76c6e6839f3f,2024-06-28T21:07:45.051270842Z
salsa-cluster,stackrox,admission-control,registry.redhat.io/advanced-cluster-security/rhacs-main-rhel8@sha256:3bfc643acf90182dcd342c2fb3be13391145bca3509e7b202bdd76c6e6839f3f,2024-06-28T21:07:45.051270842Z
salsa-cluster,stackrox,scanner-db,registry.redhat.io/advanced-cluster-security/rhacs-scanner-db-rhel8@sha256:61e11eeb2029253bd0c198e130555f30bfd54f1a63268cae488a22e9d00500e4,2024-06-28T20:28:16.474713820Z
salsa-cluster,stackrox,central-db,registry.redhat.io/advanced-cluster-security/rhacs-central-db-rhel8@sha256:79dfb96fd4d2b1e7cc0eb3c2875fe1273090f0a463688ca70c63d4c12995417b,2024-06-28T20:28:36.884230818Z
salsa-cluster,stackrox,collector,registry.redhat.io/advanced-cluster-security/rhacs-collector-rhel8@sha256:46ee8bbed08e87a4b4a4df0211859d759e44e0a5a0107d5e7b1dd25d8254f8a2,2024-06-28T20:58:53.007285005Z
salsa-cluster,stackrox,collector,registry.redhat.io/advanced-cluster-security/rhacs-main-rhel8@sha256:3bfc643acf90182dcd342c2fb3be13391145bca3509e7b202bdd76c6e6839f3f,2024-06-28T21:07:45.051270842Z
salsa-cluster,stackrox,collector,registry.redhat.io/advanced-cluster-security/rhacs-scanner-slim-rhel8@sha256:2621fd78eacf27591c1dc7788229fcd2996d3b9c60d69c9e18bb44122626c3a6,2024-06-28T20:31:54.736837780Z
salsa-cluster,openshift-multus,multus,quay.io/openshift-release-dev/ocp-v4.0-art-dev@sha256:224775dcd7bc59b78fd285c1b6728d9b29b7b313470b35dddaa6b36cb14b069d,2024-06-18T10:55:31.479293818Z
salsa-cluster,stackrox,scanner,registry.redhat.io/advanced-cluster-security/rhacs-scanner-rhel8@sha256:dc9e67d135fd477e1aae927d0d3326d93d6195f2ce4e785939e8027a68325bf5,2024-06-28T20:32:20.229237697Z
salsa-cluster,stackrox,central,registry.redhat.io/advanced-cluster-security/rhacs-main-rhel8@sha256:3bfc643acf90182dcd342c2fb3be13391145bca3509e7b202bdd76c6e6839f3f,2024-06-28T21:07:45.051270842Z
salsa-cluster,csi-driver-nfs,snapshot-controller,registry.k8s.io/sig-storage/snapshot-controller:v6.3.3,2023-12-26T18:17:16.050601366Z
salsa-cluster,openshift-multus,multus-additional-cni-plugins,quay.io/openshift-release-dev/ocp-v4.0-art-dev@sha256:224775dcd7bc59b78fd285c1b6728d9b29b7b313470b35dddaa6b36cb14b069d,2024-06-18T10:55:31.479293818Z
